,observation_date,C&I_DELNQ,CCARD_CO,CCARD_DELNQ,CORP_DEBT_NET_WORTH,CORP_SAVINGS_LEVEL,CRE_CO,CRE_DELNQ,GDP,Homeowner_Vacancy_rate,Household_DBT_Inc,Mortgage_CO,Mortgage_DELNQ,Rental_Vacancy_Rate,Consumer_Confidence,FEDFUNDS,Manufacturing_Confidence,SAVINGS_RATE_MO,UNRATE,C&I_CO
0,1991-01-01,6.29,4.16,5.26,46.132963946,77.964,1.4,12.08,-1.9,1.7,11.578032,0.2,3.09,7.5,66.8,6.91,96.9517447535818,9.4,6.4,1.48
1,1991-02-01,6.29,4.16,5.26,46.132963946,77.964,1.4,12.08,-1.9,1.7,11.578032,0.2,3.09,7.5,70.4,6.25,96.9728958490786,9.0,6.6,1.48
2,1991-03-01,6.29,4.16,5.26,46.132963946,77.964,1.4,12.08,-1.9,1.7,11.578032,0.2,3.09,7.5,87.7,6.12,97.2234247675954,8.1,6.8,1.48
3,1991-04-01,6.41,4.6,5.48,46.2895786197,81.294,1.67,11.82,3.2,1.8,11.434237,0.18,3.18,7.3,81.8,5.91,97.6780485419579,8.7,6.7,1.87
4,1991-05-01,6.41,4.6,5.48,46.2895786197,81.294,1.67,11.82,3.2,1.8,11.434237,0.18,3.18,7.3,78.3,5.78,98.2922608238224,8.5,6.9,1.87
5,1991-06-01,6.41,4.6,5.48,46.2895786197,81.294,1.67,11.82,3.2,1.8,11.434237,0.18,3.18,7.3,82.1,5.9,99.0148622248639,9.0,6.9,1.87
6,1991-07-01,6.22,4.84,5.35,46.4282817968,84.043,1.86,11.42,2.0,1.8,11.318681,0.19,3.22,7.6,82.9,5.82,99.5519204141668,8.4,6.8,1.97
7,1991-08-01,6.22,4.84,5.35,46.4282817968,84.043,1.86,11.42,2.0,1.8,11.318681,0.19,3.22,7.6,82.0,5.66,99.9344038934651,8.7,6.9,1.97
8,1991-09-01,6.22,4.84,5.35,46.4282817968,84.043,1.86,11.42,2.0,1.8,11.318681,0.19,3.22,7.6,83.0,5.45,100.047860110061,8.9,6.9,1.97
9,1991-10-01,6.03,4.62,5.32,45.8085173213,77.581,2.48,11.6,1.4,1.6,11.117333,0.2,3.28,7.3,78.3,5.21,99.7615769612267,9.4,7.0,1.83
10,1991-11-01,6.03,4.62,5.32,45.8085173213,77.581,2.48,11.6,1.4,1.6,11.117333,0.2,3.28,7.3,69.1,4.81,99.2600352590805,9.1,7.0,1.83
11,1991-12-01,6.03,4.62,5.32,45.8085173213,77.581,2.48,11.6,1.4,1.6,11.117333,0.2,3.28,7.3,68.2,4.43,98.9287740660968,9.8,7.3,1.83
12,1992-01-01,5.76,4.87,5.27,47.8977970384,74.167,1.74,10.77,4.9,1.5,10.855581,0.2,3.12,7.4,67.5,4.03,99.0550967705923,9.5,7.3,1.95
13,1992-02-01,5.76,4.87,5.27,47.8977970384,74.167,1.74,10.77,4.9,1.5,10.855581,0.2,3.12,7.4,68.8,4.06,99.5587055597164,9.8,7.4,1.95
14,1992-03-01,5.76,4.87,5.27,47.8977970384,74.167,1.74,10.77,4.9,1.5,10.855581,0.2,3.12,7.4,76.0,3.98,99.9766058853254,9.7,7.4,1.95
15,1992-04-01,5.49,4.78,5.1,48.2436868853,73.25,1.62,10.48,4.4,1.6,10.680886,0.2,3.06,7.7,77.2,3.73,100.160751114844,9.8,7.4,1.32
16,1992-05-01,5.49,4.78,5.1,48.2436868853,73.25,1.62,10.48,4.4,1.6,10.680886,0.2,3.06,7.7,79.2,3.82,100.282805453062,9.8,7.6,1.32
17,1992-06-01,5.49,4.78,5.1,48.2436868853,73.25,1.62,10.48,4.4,1.6,10.680886,0.2,3.06,7.7,80.4,3.76,100.205090031135,10.0,7.8,1.32
18,1992-07-01,5.25,4.35,4.98,48.7239068383,74.612,2.41,10.34,4.0,1.6,10.54005,0.25,2.88,7.3,76.6,3.25,100.048137024657,9.5,7.7,1.43
19,1992-08-01,5.25,4.35,4.98,48.7239068383,74.612,2.41,10.34,4.0,1.6,10.54005,0.25,2.88,7.3,76.1,3.3,99.8012509600372,9.6,7.6,1.43
20,1992-09-01,5.25,4.35,4.98,48.7239068383,74.612,2.41,10.34,4.0,1.6,10.54005,0.25,2.88,7.3,75.6,3.22,99.5461980232001,8.6,7.6,1.43
21,1992-10-01,4.76,4.5,4.69,49.6195004006,75.991,2.3,9.55,4.2,1.5,10.455215,0.26,2.79,7.1,73.3,3.1,99.5928649538353,7.9,7.3,1.03
22,1992-11-01,4.76,4.5,4.69,49.6195004006,75.991,2.3,9.55,4.2,1.5,10.455215,0.26,2.79,7.1,85.3,3.09,99.9112309215032,7.9,7.4,1.03
23,1992-12-01,4.76,4.5,4.69,49.6195004006,75.991,2.3,9.55,4.2,1.5,10.455215,0.26,2.79,7.1,91.0,2.92,100.218173199443,10.5,7.4,1.03
24,1993-01-01,4.41,4.11,4.6,50.053203861,82.12,1.38,8.97,0.7,1.4,10.419139,0.2,2.78,7.8,89.3,3.02,100.39320052134,8.5,7.3,0.94
25,1993-02-01,4.41,4.11,4.6,50.053203861,82.12,1.38,8.97,0.7,1.4,10.419139,0.2,2.78,7.8,86.6,3.03,100.304983407831,8.8,7.1,0.94
26,1993-03-01,4.41,4.11,4.6,50.053203861,82.12,1.38,8.97,0.7,1.4,10.419139,0.2,2.78,7.8,85.9,3.07,99.9922537897876,8.8,7.0,0.94
27,1993-04-01,4.01,3.94,4.46,50.4740474341,85.412,1.4,8.24,2.3,1.4,10.35443,0.23,2.67,7.6,85.6,2.96,99.618549517382,8.7,7.1,0.85
28,1993-05-01,4.01,3.94,4.46,50.4740474341,85.412,1.4,8.24,2.3,1.4,10.35443,0.23,2.67,7.6,80.3,3.0,99.4067715988751,8.2,7.1,0.85
29,1993-06-01,4.01,3.94,4.46,50.4740474341,85.412,1.4,8.24,2.3,1.4,10.35443,0.23,2.67,7.6,81.5,3.04,99.2787891485859,7.7,7.0,0.85
30,1993-07-01,3.61,3.69,4.08,50.2952037245,81.13,1.16,7.38,1.9,1.4,10.405427,0.19,2.59,7.0,77.0,3.06,99.2896716461365,7.5,6.9,0.68
31,1993-08-01,3.61,3.69,4.08,50.2952037245,81.13,1.16,7.38,1.9,1.4,10.405427,0.19,2.59,7.0,77.3,3.03,99.3997444415602,7.6,6.8,0.68
32,1993-09-01,3.61,3.69,4.08,50.2952037245,81.13,1.16,7.38,1.9,1.4,10.405427,0.19,2.59,7.0,77.9,3.09,99.5971788621938,6.8,6.7,0.68
33,1993-10-01,3.05,3.36,3.91,48.7092948014,91.982,1.05,6.78,5.6,1.4,10.368518,0.17,2.44,6.9,82.7,2.99,99.899146587623,6.2,6.8,0.56
34,1993-11-01,3.05,3.36,3.91,48.7092948014,91.982,1.05,6.78,5.6,1.4,10.368518,0.17,2.44,6.9,81.2,3.02,100.176630663123,6.2,6.6,0.56
35,1993-12-01,3.05,3.36,3.91,48.7092948014,91.982,1.05,6.78,5.6,1.4,10.368518,0.17,2.44,6.9,88.2,2.96,100.430839060147,9.0,6.5,0.56
36,1994-01-01,2.79,3.32,3.6,49.7865122598,87.31,0.74,6.0,3.9,1.4,10.388445,0.17,2.39,7.5,94.3,3.05,100.604702337126,7.0,6.6,0.3
37,1994-02-01,2.79,3.32,3.6,49.7865122598,87.31,0.74,6.0,3.9,1.4,10.388445,0.17,2.39,7.5,93.2,3.25,100.729083055769,6.4,6.6,0.3
38,1994-03-01,2.79,3.32,3.6,49.7865122598,87.31,0.74,6.0,3.9,1.4,10.388445,0.17,2.39,7.5,91.5,3.34,100.837894240381,6.7,6.5,0.3
39,1994-04-01,2.4,3.01,3.29,49.5204888797,90.287,0.65,5.43,5.5,1.4,10.452491,0.17,2.26,7.4,92.6,3.56,100.95494582959,6.3,6.4,0.31
40,1994-05-01,2.4,3.01,3.29,49.5204888797,90.287,0.65,5.43,5.5,1.4,10.452491,0.17,2.26,7.4,92.8,4.01,101.074115228031,7.5,6.1,0.31
41,1994-06-01,2.4,3.01,3.29,49.5204888797,90.287,0.65,5.43,5.5,1.4,10.452491,0.17,2.26,7.4,91.2,4.25,101.153522887502,6.8,6.1,0.31
42,1994-07-01,2.22,2.98,3.25,48.6715429543,90.528,0.48,4.89,2.4,1.4,10.586958,0.12,2.16,7.2,89.0,4.26,101.174326381118,6.9,6.1,0.19
43,1994-08-01,2.22,2.98,3.25,48.6715429543,90.528,0.48,4.89,2.4,1.4,10.586958,0.12,2.16,7.2,91.7,4.47,101.19478534828,6.4,6.0,0.19
44,1994-09-01,2.22,2.98,3.25,48.6715429543,90.528,0.48,4.89,2.4,1.4,10.586958,0.12,2.16,7.2,91.5,4.73,101.262721698841,6.7,5.9,0.19
45,1994-10-01,2.18,3.04,3.29,48.0847427753,96.369,0.54,4.32,4.7,1.6,10.69963,0.15,2.06,7.4,92.7,4.76,101.28383347557,7.0,5.8,0.24
46,1994-11-01,2.18,3.04,3.29,48.0847427753,96.369,0.54,4.32,4.7,1.6,10.69963,0.15,2.06,7.4,91.6,5.29,101.176212844336,6.9,5.6,0.24
47,1994-12-01,2.18,3.04,3.29,48.0847427753,96.369,0.54,4.32,4.7,1.6,10.69963,0.15,2.06,7.4,95.1,5.45,100.938216053666,7.0,5.5,0.24
48,1995-01-01,2.12,3.0,3.48,48.1559845932,82.205,0.33,4.32,1.4,1.5,10.888513,0.13,2.08,7.4,97.6,5.53,100.711593197838,7.3,5.6,0.17
49,1995-02-01,2.12,3.0,3.48,48.1559845932,82.205,0.33,4.32,1.4,1.5,10.888513,0.13,2.08,7.4,95.1,5.92,100.32987655126,7.7,5.4,0.17
50,1995-03-01,2.12,3.0,3.48,48.1559845932,82.205,0.33,4.32,1.4,1.5,10.888513,0.13,2.08,7.4,90.3,5.98,99.8341940672576,7.4,5.4,0.17
51,1995-04-01,2.1,3.26,3.7,47.8862982527,91.827,0.46,4.06,1.2,1.6,11.080721,0.11,2.11,7.7,92.5,6.05,99.3433410409521,6.8,5.8,0.12
52,1995-05-01,2.1,3.26,3.7,47.8862982527,91.827,0.46,4.06,1.2,1.6,11.080721,0.11,2.11,7.7,89.8,6.01,98.8820995710514,7.0,5.6,0.12
53,1995-06-01,2.1,3.26,3.7,47.8862982527,91.827,0.46,4.06,1.2,1.6,11.080721,0.11,2.11,7.7,92.7,6.0,98.7386189817108,6.5,5.6,0.12
54,1995-07-01,2.07,3.6,3.85,47.0346720253,93.237,0.22,3.83,3.5,1.5,11.185719,0.12,2.16,7.7,94.4,5.85,98.8578764568899,6.9,5.7,0.33
55,1995-08-01,2.07,3.6,3.85,47.0346720253,93.237,0.22,3.83,3.5,1.5,11.185719,0.12,2.16,7.7,96.2,5.74,98.8071941571031,6.6,5.7,0.33
56,1995-09-01,2.07,3.6,3.85,47.0346720253,93.237,0.22,3.83,3.5,1.5,11.185719,0.12,2.16,7.7,88.9,5.8,98.7247625797835,6.6,5.6,0.33
57,1995-10-01,2.07,3.88,3.95,45.8361918753,99.688,0.2,3.41,2.7,1.6,11.223493,0.11,2.17,7.7,90.2,5.76,98.5694872324129,7.0,5.5,0.27
58,1995-11-01,2.07,3.88,3.95,45.8361918753,99.688,0.2,3.41,2.7,1.6,11.223493,0.11,2.17,7.7,88.2,5.8,98.4258745505788,6.4,5.6,0.27
59,1995-12-01,2.07,3.88,3.95,45.8361918753,99.688,0.2,3.41,2.7,1.6,11.223493,0.11,2.17,7.7,91.0,5.6,98.3478711683117,6.0,5.6,0.27
60,1996-01-01,2.06,4.21,4.04,45.7587433143,95.849,0.2,3.3,3.0,1.6,11.242343,0.11,2.18,7.9,89.3,5.56,98.3245131273286,6.5,5.6,0.31
61,1996-02-01,2.06,4.21,4.04,45.7587433143,95.849,0.2,3.3,3.0,1.6,11.242343,0.11,2.18,7.9,88.5,5.22,98.4246655615216,6.6,5.5,0.31
62,1996-03-01,2.06,4.21,4.04,45.7587433143,95.849,0.2,3.3,3.0,1.6,11.242343,0.11,2.18,7.9,93.7,5.31,98.6646626994239,6.4,5.5,0.31
63,1996-04-01,2.06,4.44,4.27,45.8729708334,103.832,0.12,3.18,6.8,1.5,11.269972,0.09,2.26,7.8,92.7,5.22,98.9971371663127,5.5,5.6,0.28
64,1996-05-01,2.06,4.44,4.27,45.8729708334,103.832,0.12,3.18,6.8,1.5,11.269972,0.09,2.26,7.8,89.4,5.24,99.2934771870445,6.5,5.6,0.28
65,1996-06-01,2.06,4.44,4.27,45.8729708334,103.832,0.12,3.18,6.8,1.5,11.269972,0.09,2.26,7.8,92.4,5.27,99.5452425369389,6.9,5.3,0.28
66,1996-07-01,2.01,4.48,4.46,45.7549925591,112.984,0.1,3.02,3.6,1.7,11.315366,0.09,2.23,8.0,94.7,5.4,99.5233336528989,6.5,5.5,0.23
67,1996-08-01,2.01,4.48,4.46,45.7549925591,112.984,0.1,3.02,3.6,1.7,11.315366,0.09,2.23,8.0,95.3,5.22,99.5272708168387,6.4,5.1,0.23
68,1996-09-01,2.01,4.48,4.46,45.7549925591,112.984,0.1,3.02,3.6,1.7,11.315366,0.09,2.23,8.0,94.7,5.3,99.5395311108445,6.4,5.2,0.23
69,1996-10-01,1.95,4.68,4.6,43.1433845246,129.67,0.02,2.88,4.2,1.7,11.371211,0.08,2.34,7.7,96.5,5.24,99.6442745006376,6.1,5.2,0.2
70,1996-11-01,1.95,4.68,4.6,43.1433845246,129.67,0.02,2.88,4.2,1.7,11.371211,0.08,2.34,7.7,99.2,5.31,99.9038563711989,6.2,5.4,0.2
71,1996-12-01,1.95,4.68,4.6,43.1433845246,129.67,0.02,2.88,4.2,1.7,11.371211,0.08,2.34,7.7,96.9,5.29,100.120611532533,6.1,5.4,0.2
72,1997-01-01,1.9,4.92,4.7,42.4538623898,132.912,0.05,2.58,2.6,1.7,11.328849,0.09,2.3,7.5,97.4,5.25,100.133408200954,5.9,5.3,0.21
73,1997-02-01,1.9,4.92,4.7,42.4538623898,132.912,0.05,2.58,2.6,1.7,11.328849,0.09,2.3,7.5,99.7,5.19,100.090292387373,6.0,5.2,0.21
74,1997-03-01,1.9,4.92,4.7,42.4538623898,132.912,0.05,2.58,2.6,1.7,11.328849,0.09,2.3,7.5,100.0,5.39,100.124255151845,6.1,5.2,0.21
75,1997-04-01,1.81,5.37,4.73,42.0281769441,146.321,0.01,2.38,6.8,1.6,11.328918,0.1,2.28,7.9,101.4,5.51,100.240630378632,6.2,5.1,0.23
76,1997-05-01,1.81,5.37,4.73,42.0281769441,146.321,0.01,2.38,6.8,1.6,11.328918,0.1,2.28,7.9,103.2,5.5,100.438850050251,6.5,4.9,0.23
77,1997-06-01,1.81,5.37,4.73,42.0281769441,146.321,0.01,2.38,6.8,1.6,11.328918,0.1,2.28,7.9,104.5,5.56,100.57382358661,6.3,5.0,0.23
78,1997-07-01,1.72,5.52,4.7,41.3485010545,141.792,0.0,2.27,5.1,1.5,11.33802,0.08,2.25,7.9,107.1,5.52,100.691608591162,5.8,4.9,0.35
79,1997-08-01,1.72,5.52,4.7,41.3485010545,141.792,0.0,2.27,5.1,1.5,11.33802,0.08,2.25,7.9,104.4,5.54,100.627492105661,5.7,4.8,0.35
80,1997-09-01,1.72,5.52,4.7,41.3485010545,141.792,0.0,2.27,5.1,1.5,11.33802,0.08,2.25,7.9,106.0,5.54,100.511077759677,5.9,4.9,0.35
81,1997-10-01,1.7,5.43,4.81,39.6319876144,164.374,-0.01,2.22,3.5,1.7,11.288261,0.08,2.2,7.7,105.6,5.5,100.518966179062,5.9,4.7,0.27
82,1997-11-01,1.7,5.43,4.81,39.6319876144,164.374,-0.01,2.22,3.5,1.7,11.288261,0.08,2.2,7.7,107.2,5.52,100.457278914163,6.1,4.6,0.27
83,1997-12-01,1.7,5.43,4.81,39.6319876144,164.374,-0.01,2.22,3.5,1.7,11.288261,0.08,2.2,7.7,102.1,5.5,100.30990587228,6.1,4.7,0.27
84,1998-01-01,1.81,5.24,4.76,39.7470477216,205.028,0.04,2.12,4.1,1.7,11.144147,0.08,2.2,7.7,106.6,5.56,100.144474544054,7.0,4.6,0.34
85,1998-02-01,1.81,5.24,4.76,39.7470477216,205.028,0.04,2.12,4.1,1.7,11.144147,0.08,2.2,7.7,110.4,5.51,99.992777836459,7.0,4.6,0.34
86,1998-03-01,1.81,5.24,4.76,39.7470477216,205.028,0.04,2.12,4.1,1.7,11.144147,0.08,2.2,7.7,106.5,5.49,99.860487362514,7.1,4.7,0.34
87,1998-04-01,1.73,5.19,4.76,40.3493520412,202.999,-0.01,2.03,3.8,1.7,11.166536,0.08,2.13,8.0,108.7,5.45,99.6786412422118,6.9,4.3,0.35
88,1998-05-01,1.73,5.19,4.76,40.3493520412,202.999,-0.01,2.03,3.8,1.7,11.166536,0.08,2.13,8.0,106.5,5.49,99.4359345764648,6.6,4.4,0.35
89,1998-06-01,1.73,5.19,4.76,40.3493520412,202.999,-0.01,2.03,3.8,1.7,11.166536,0.08,2.13,8.0,105.6,5.56,99.2048475288901,6.5,4.5,0.35
90,1998-07-01,1.77,5.31,4.72,41.7544954594,201.597,0.0,1.94,5.1,1.7,11.152642,0.07,2.09,8.2,105.2,5.54,99.0951613485968,6.6,4.5,0.41
91,1998-08-01,1.77,5.31,4.72,41.7544954594,201.597,0.0,1.94,5.1,1.7,11.152642,0.07,2.09,8.2,104.4,5.55,99.0401367362841,6.5,4.5,0.41
92,1998-09-01,1.77,5.31,4.72,41.7544954594,201.597,0.0,1.94,5.1,1.7,11.152642,0.07,2.09,8.2,100.9,5.51,98.9729363267561,6.1,4.6,0.41
93,1998-10-01,1.87,5.11,4.74,39.4418857249,192.588,0.01,1.96,6.6,1.8,11.216343,0.07,2.03,7.8,97.4,5.07,98.9038947353085,5.9,4.5,0.44
94,1998-11-01,1.87,5.11,4.74,39.4418857249,192.588,0.01,1.96,6.6,1.8,11.216343,0.07,2.03,7.8,102.7,4.83,98.8542463628133,6.0,4.4,0.44
95,1998-12-01,1.87,5.11,4.74,39.4418857249,192.588,0.01,1.96,6.6,1.8,11.216343,0.07,2.03,7.8,100.5,4.68,98.9251669871664,5.5,4.4,0.44
96,1999-01-01,1.97,4.88,4.66,40.8117642101,195.635,0.03,1.91,3.8,1.8,11.267941,0.09,1.94,8.2,103.9,4.63,99.2361949654139,6.1,4.3,0.51
97,1999-02-01,1.97,4.88,4.66,40.8117642101,195.635,0.03,1.91,3.8,1.8,11.267941,0.09,1.94,8.2,108.1,4.76,99.5428745323655,6.0,4.4,0.51
98,1999-03-01,1.97,4.88,4.66,40.8117642101,195.635,0.03,1.91,3.8,1.8,11.267941,0.09,1.94,8.2,105.7,4.81,99.7710543171519,5.6,4.2,0.51
99,1999-04-01,2.0,4.3,4.58,40.5166953121,210.997,0.03,1.83,3.4,1.6,11.429754,0.11,1.88,8.1,104.6,4.74,99.954907551086,4.7,4.3,0.54
100,1999-05-01,2.0,4.3,4.58,40.5166953121,210.997,0.03,1.83,3.4,1.6,11.429754,0.11,1.88,8.1,106.8,4.74,100.164470321393,4.4,4.2,0.54
101,1999-06-01,2.0,4.3,4.58,40.5166953121,210.997,0.03,1.83,3.4,1.6,11.429754,0.11,1.88,8.1,107.3,4.76,100.299542903202,4.3,4.3,0.54
102,1999-07-01,2.06,4.53,4.6,41.4027276269,214.705,0.03,1.53,5.4,1.6,11.542359,0.13,2.15,8.2,106.0,4.99,100.325035670718,4.4,4.3,0.56
103,1999-08-01,2.06,4.53,4.6,41.4027276269,214.705,0.03,1.53,5.4,1.6,11.542359,0.13,2.15,8.2,104.5,5.07,100.469578026516,4.3,4.2,0.56
104,1999-09-01,2.06,4.53,4.6,41.4027276269,214.705,0.03,1.53,5.4,1.6,11.542359,0.13,2.15,8.2,107.2,5.22,100.710626084405,3.7,4.2,0.56
105,1999-10-01,1.99,4.52,4.55,38.5376592776,236.877,0.02,1.47,6.7,1.6,11.54613,0.13,1.99,7.9,103.2,5.2,100.896865522513,4.0,4.1,0.57
106,1999-11-01,1.99,4.52,4.55,38.5376592776,236.877,0.02,1.47,6.7,1.6,11.54613,0.13,1.99,7.9,107.2,5.42,100.996563075024,4.1,4.1,0.57
107,1999-12-01,1.99,4.52,4.55,38.5376592776,236.877,0.02,1.47,6.7,1.6,11.54613,0.13,1.99,7.9,105.4,5.3,100.955817962215,3.7,4.0,0.57
108,2000-01-01,2.11,4.45,4.43,39.7680874306,234.409,0.05,1.48,1.5,1.6,11.525337,0.12,1.95,7.9,112.0,5.45,100.799073244614,4.5,4.0,0.61
109,2000-02-01,2.11,4.45,4.43,39.7680874306,234.409,0.05,1.48,1.5,1.6,11.525337,0.12,1.95,7.9,111.3,5.73,100.603124633585,4.0,4.1,0.61
110,2000-03-01,2.11,4.45,4.43,39.7680874306,234.409,0.05,1.48,1.5,1.6,11.525337,0.12,1.95,7.9,107.1,5.85,100.409165434118,3.8,4.0,0.61
111,2000-04-01,2.24,4.07,4.51,39.6372999301,249.797,0.06,1.44,7.5,1.5,11.669062,0.11,1.98,8.0,109.2,6.02,100.218526249189,4.3,3.8,0.7
112,2000-05-01,2.24,4.07,4.51,39.6372999301,249.797,0.06,1.44,7.5,1.5,11.669062,0.11,1.98,8.0,110.7,6.27,99.9864252725702,4.3,4.0,0.7
113,2000-06-01,2.24,4.07,4.51,39.6372999301,249.797,0.06,1.44,7.5,1.5,11.669062,0.11,1.98,8.0,106.4,6.53,99.7681166056055,4.3,4.0,0.7
114,2000-07-01,2.33,4.21,4.53,38.6296673578,265.311,0.05,1.48,0.4,1.6,11.82722,0.11,2.09,8.2,108.3,6.54,99.6173097227236,4.7,4.0,0.74
115,2000-08-01,2.33,4.21,4.53,38.6296673578,265.311,0.05,1.48,0.4,1.6,11.82722,0.11,2.09,8.2,107.3,6.5,99.4040603250739,4.8,4.1,0.74
116,2000-09-01,2.33,4.21,4.53,38.6296673578,265.311,0.05,1.48,0.4,1.6,11.82722,0.11,2.09,8.2,106.8,6.52,99.2102769982201,4.1,3.9,0.74
117,2000-10-01,2.52,4.32,4.57,38.2294828394,272.343,0.05,1.52,2.4,1.6,12.020487,0.13,2.22,7.8,105.8,6.51,98.9645893238705,4.3,3.9,0.92
118,2000-11-01,2.52,4.32,4.57,38.2294828394,272.343,0.05,1.52,2.4,1.6,12.020487,0.13,2.22,7.8,107.6,6.51,98.5916403385843,4.3,3.9,0.92
119,2000-12-01,2.52,4.32,4.57,38.2294828394,272.343,0.05,1.52,2.4,1.6,12.020487,0.13,2.22,7.8,98.4,6.4,98.0353198673828,4.1,3.9,0.92
120,2001-01-01,2.65,4.65,4.81,39.3660006485,254.457,0.1,1.59,-1.3,1.5,12.121152,0.14,2.35,8.2,94.7,5.98,97.5872226408876,4.5,4.2,1.06
121,2001-02-01,2.65,4.65,4.81,39.3660006485,254.457,0.1,1.59,-1.3,1.5,12.121152,0.14,2.35,8.2,90.6,5.49,97.4196787991265,4.6,4.2,1.06
122,2001-03-01,2.65,4.65,4.81,39.3660006485,254.457,0.1,1.59,-1.3,1.5,12.121152,0.14,2.35,8.2,91.5,5.31,97.4777152661824,4.9,4.3,1.06
123,2001-04-01,2.94,5.18,4.94,39.6991293098,250.584,0.1,1.73,2.5,1.8,12.353634,0.16,2.41,8.3,88.4,4.8,97.5798632897329,4.8,4.4,1.24
124,2001-05-01,2.94,5.18,4.94,39.6991293098,250.584,0.1,1.73,2.5,1.8,12.353634,0.16,2.41,8.3,92.0,4.21,97.6938034851023,4.3,4.3,1.24
125,2001-06-01,2.94,5.18,4.94,39.6991293098,250.584,0.1,1.73,2.5,1.8,12.353634,0.16,2.41,8.3,92.6,3.97,97.9454449820799,4.2,4.5,1.24
126,2001-07-01,3.26,5.52,5.0,40.5809654559,251.814,0.12,1.93,-1.6,1.9,12.309625,0.45,2.18,8.4,92.4,3.77,98.238040020665,5.4,4.6,1.43
127,2001-08-01,3.26,5.52,5.0,40.5809654559,251.814,0.12,1.93,-1.6,1.9,12.309625,0.45,2.18,8.4,91.5,3.65,98.4454511355655,6.5,4.9,1.43
128,2001-09-01,3.26,5.52,5.0,40.5809654559,251.814,0.12,1.93,-1.6,1.9,12.309625,0.45,2.18,8.4,81.8,3.07,98.2975195902035,6.9,5.0,1.43
129,2001-10-01,3.48,6.39,4.69,42.5154176779,281.12,0.17,1.91,1.1,1.8,12.662143,0.19,2.26,8.8,82.7,2.49,97.9734898884728,2.9,5.3,1.78
130,2001-11-01,3.48,6.39,4.69,42.5154176779,281.12,0.17,1.91,1.1,1.8,12.662143,0.19,2.26,8.8,83.9,2.09,98.1164687156581,3.4,5.5,1.78
131,2001-12-01,3.48,6.39,4.69,42.5154176779,281.12,0.17,1.91,1.1,1.8,12.662143,0.19,2.26,8.8,88.8,1.82,98.5557833868496,3.7,5.7,1.78
132,2002-01-01,3.69,7.58,4.94,42.0922875719,276.81,0.16,1.8,3.4,1.7,12.442115,0.16,2.24,9.1,93.0,1.73,99.16504755308,5.6,5.7,1.74
133,2002-02-01,3.69,7.58,4.94,42.0922875719,276.81,0.16,1.8,3.4,1.7,12.442115,0.16,2.24,9.1,90.7,1.74,99.8010189093886,5.4,5.7,1.74
134,2002-03-01,3.69,7.58,4.94,42.0922875719,276.81,0.16,1.8,3.4,1.7,12.442115,0.16,2.24,9.1,95.7,1.73,100.228225446363,5.5,5.7,1.74
135,2002-04-01,3.92,6.15,4.78,42.5742048211,279.564,0.13,1.76,2.5,1.7,12.347863,0.17,2.16,8.4,93.0,1.75,100.395056890855,5.4,5.9,1.89
136,2002-05-01,3.92,6.15,4.78,42.5742048211,279.564,0.13,1.76,2.5,1.7,12.347863,0.17,2.16,8.4,96.9,1.75,100.406975982341,6.1,5.8,1.89
137,2002-06-01,3.92,6.15,4.78,42.5742048211,279.564,0.13,1.76,2.5,1.7,12.347863,0.17,2.16,8.4,92.4,1.75,100.22621442398,6.1,5.8,1.89
138,2002-07-01,3.88,6.39,4.89,42.7825592149,263.917,0.14,1.68,1.6,1.7,12.356125,0.15,2.1,9.0,88.1,1.73,99.8378172637249,5.3,5.8,2.24
139,2002-08-01,3.88,6.39,4.89,42.7825592149,263.917,0.14,1.68,1.6,1.7,12.356125,0.15,2.1,9.0,87.6,1.74,99.5638770571192,5.2,5.7,2.24
140,2002-09-01,3.88,6.39,4.89,42.7825592149,263.917,0.14,1.68,1.6,1.7,12.356125,0.15,2.1,9.0,86.1,1.75,99.4286410601619,5.8,5.7,2.24
141,2002-10-01,3.87,5.55,4.84,43.0031347667,291.301,0.16,1.63,0.5,1.7,12.320268,0.14,2.0,9.3,80.6,1.75,99.3657151336889,5.6,5.7,1.32
142,2002-11-01,3.87,5.55,4.84,43.0031347667,291.301,0.16,1.63,0.5,1.7,12.320268,0.14,2.0,9.3,84.2,1.34,99.4422814766266,5.6,5.9,1.32
143,2002-12-01,3.87,5.55,4.84,43.0031347667,291.301,0.16,1.63,0.5,1.7,12.320268,0.14,2.0,9.3,86.7,1.24,99.6328339095048,5.3,6.0,1.32
144,2003-01-01,3.65,5.64,4.68,42.0038489623,303.994,0.11,1.65,2.1,1.7,12.348067,0.15,1.97,9.4,82.4,1.24,99.5646480589283,5.3,5.8,1.65
145,2003-02-01,3.65,5.64,4.68,42.0038489623,303.994,0.11,1.65,2.1,1.7,12.348067,0.15,1.97,9.4,79.9,1.26,99.1948008535781,5.2,5.9,1.65
146,2003-03-01,3.65,5.64,4.68,42.0038489623,303.994,0.11,1.65,2.1,1.7,12.348067,0.15,1.97,9.4,77.6,1.25,98.8116200725669,4.9,5.9,1.65
147,2003-04-01,3.56,5.93,4.53,41.2985734785,325.301,0.15,1.61,3.6,1.7,12.274712,0.15,1.83,9.6,86.0,1.26,98.7594139626474,5.0,6.0,1.41
148,2003-05-01,3.56,5.93,4.53,41.2985734785,325.301,0.15,1.61,3.6,1.7,12.274712,0.15,1.83,9.6,92.1,1.26,99.0430618266399,5.3,6.1,1.41
149,2003-06-01,3.56,5.93,4.53,41.2985734785,325.301,0.15,1.61,3.6,1.7,12.274712,0.15,1.83,9.6,89.7,1.22,99.4024655674255,5.1,6.3,1.41
150,2003-07-01,3.27,5.82,4.24,41.6322074854,337.052,0.15,1.51,6.8,1.9,12.11426,0.13,1.73,9.9,90.9,1.01,99.8074920165377,5.9,6.2,1.29
151,2003-08-01,3.27,5.82,4.24,41.6322074854,337.052,0.15,1.51,6.8,1.9,12.11426,0.13,1.73,9.9,89.3,1.03,100.209796363746,5.7,6.1,1.29
152,2003-09-01,3.27,5.82,4.24,41.6322074854,337.052,0.15,1.51,6.8,1.9,12.11426,0.13,1.73,9.9,87.7,1.01,100.538213521273,4.9,6.1,1.29
153,2003-10-01,2.84,5.96,4.43,38.7664548609,362.778,0.09,1.39,4.7,1.8,12.184712,0.34,1.76,10.2,89.6,1.01,101.008307666947,5.0,6.0,0.83
154,2003-11-01,2.84,5.96,4.43,38.7664548609,362.778,0.09,1.39,4.7,1.8,12.184712,0.34,1.76,10.2,93.7,1.0,101.549255311867,5.0,5.8,0.83
155,2003-12-01,2.84,5.96,4.43,38.7664548609,362.778,0.09,1.39,4.7,1.8,12.184712,0.34,1.76,10.2,92.6,0.98,101.956623308789,5.0,5.7,0.83
156,2004-01-01,2.57,5.24,4.21,37.6792994616,369.694,0.08,1.24,2.3,1.7,12.189125,0.12,1.65,10.4,103.8,1.0,102.107765965723,4.6,5.7,0.8
157,2004-02-01,2.57,5.24,4.21,37.6792994616,369.694,0.08,1.24,2.3,1.7,12.189125,0.12,1.65,10.4,94.4,1.01,102.110592900853,4.6,5.6,0.8
158,2004-03-01,2.57,5.24,4.21,37.6792994616,369.694,0.08,1.24,2.3,1.7,12.189125,0.12,1.65,10.4,95.8,1.0,102.107935517459,4.5,5.8,0.8
159,2004-04-01,2.29,5.27,4.15,36.4390537536,360.406,0.08,1.26,3.1,1.7,12.125358,0.1,1.6,10.2,94.2,1.0,102.119002030265,4.9,5.6,0.58
160,2004-05-01,2.29,5.27,4.15,36.4390537536,360.406,0.08,1.26,3.1,1.7,12.125358,0.1,1.6,10.2,90.2,1.0,102.064280282911,4.8,5.6,0.58
161,2004-06-01,2.29,5.27,4.15,36.4390537536,360.406,0.08,1.26,3.1,1.7,12.125358,0.1,1.6,10.2,95.6,1.03,101.910189273662,5.4,5.6,0.58
162,2004-07-01,2.03,4.73,4.07,35.4555130548,384.213,0.07,1.17,3.8,1.7,12.231868,0.09,1.56,10.1,96.7,1.26,101.701555468689,4.7,5.5,0.45
163,2004-08-01,2.03,4.73,4.07,35.4555130548,384.213,0.07,1.17,3.8,1.7,12.231868,0.09,1.56,10.1,95.9,1.43,101.404267734283,4.7,5.4,0.45
164,2004-09-01,2.03,4.73,4.07,35.4555130548,384.213,0.07,1.17,3.8,1.7,12.231868,0.09,1.56,10.1,94.2,1.61,101.113911141827,4.1,5.4,0.45
165,2004-10-01,1.81,4.6,4.03,34.4900250576,370.456,0.04,1.11,4.1,1.8,12.224184,0.09,1.41,10.0,91.7,1.76,100.930391454804,3.9,5.5,0.39
166,2004-11-01,1.81,4.6,4.03,34.4900250576,370.456,0.04,1.11,4.1,1.8,12.224184,0.09,1.41,10.0,92.8,1.93,100.892364776067,3.4,5.4,0.39
167,2004-12-01,1.81,4.6,4.03,34.4900250576,370.456,0.04,1.11,4.1,1.8,12.224184,0.09,1.41,10.0,97.1,2.16,100.893812025975,6.2,5.4,0.39
168,2005-01-01,1.63,4.52,3.7,34.0525922982,362.506,0.06,1.11,4.5,1.8,12.548985,0.08,1.42,10.1,95.5,2.28,100.744311055212,2.7,5.3,0.26
169,2005-02-01,1.63,4.52,3.7,34.0525922982,362.506,0.06,1.11,4.5,1.8,12.548985,0.08,1.42,10.1,94.1,2.5,100.545761774124,2.3,5.4,0.26
170,2005-03-01,1.63,4.52,3.7,34.0525922982,362.506,0.06,1.11,4.5,1.8,12.548985,0.08,1.42,10.1,92.6,2.63,100.330242139792,2.5,5.2,0.26
171,2005-04-01,1.5,4.27,3.67,33.9475080032,343.199,0.06,1.05,2.0,1.8,12.543675,0.07,1.55,9.8,87.7,2.79,100.102839398597,2.1,5.2,0.24
172,2005-05-01,1.5,4.27,3.67,33.9475080032,343.199,0.06,1.05,2.0,1.8,12.543675,0.07,1.55,9.8,86.9,3.0,99.9904334183367,2.6,5.1,0.24
173,2005-06-01,1.5,4.27,3.67,33.9475080032,343.199,0.06,1.05,2.0,1.8,12.543675,0.07,1.55,9.8,96.0,3.04,100.135417918308,2.0,5.0,0.24
174,2005-07-01,1.47,4.59,3.9,33.025524747,351.596,0.06,1.09,3.2,1.9,12.587784,0.08,1.59,9.9,96.5,3.26,100.363197768092,1.4,5.0,0.21
175,2005-08-01,1.47,4.59,3.9,33.025524747,351.596,0.06,1.09,3.2,1.9,12.587784,0.08,1.59,9.9,89.1,3.5,100.526604037209,2.0,4.9,0.21
176,2005-09-01,1.47,4.59,3.9,33.025524747,351.596,0.06,1.09,3.2,1.9,12.587784,0.08,1.59,9.9,76.9,3.62,100.812004563104,2.0,5.0,0.21
177,2005-10-01,1.44,5.84,3.54,32.2758021525,380.36,-0.01,1.03,2.2,2.0,12.611487,0.08,1.64,9.6,74.2,3.78,100.930780093889,2.3,5.0,0.31
178,2005-11-01,1.44,5.84,3.54,32.2758021525,380.36,-0.01,1.03,2.2,2.0,12.611487,0.08,1.64,9.6,81.6,4.0,100.834968295769,2.6,5.0,0.31
179,2005-12-01,1.44,5.84,3.54,32.2758021525,380.36,-0.01,1.03,2.2,2.0,12.611487,0.08,1.64,9.6,91.5,4.16,100.620733656335,2.5,4.9,0.31
180,2006-01-01,1.4,3.14,3.86,31.7248033328,375.331,0.05,1.02,5.5,2.1,12.618817,0.09,1.61,9.5,91.2,4.29,100.446215810092,3.0,4.7,0.21
181,2006-02-01,1.4,3.14,3.86,31.7248033328,375.331,0.05,1.02,5.5,2.1,12.618817,0.09,1.61,9.5,86.7,4.49,100.367591798633,3.2,4.8,0.21
182,2006-03-01,1.4,3.14,3.86,31.7248033328,375.331,0.05,1.02,5.5,2.1,12.618817,0.09,1.61,9.5,88.9,4.59,100.335630444298,3.3,4.7,0.21
183,2006-04-01,1.29,3.45,4.13,31.6777246081,355.438,0.07,1.02,1.0,2.2,12.667022,0.09,1.62,9.6,87.4,4.79,100.318807229777,3.1,4.7,0.27
184,2006-05-01,1.29,3.45,4.13,31.6777246081,355.438,0.07,1.02,1.0,2.2,12.667022,0.09,1.62,9.6,79.1,4.94,100.179547613929,2.9,4.6,0.27
185,2006-06-01,1.29,3.45,4.13,31.6777246081,355.438,0.07,1.02,1.0,2.2,12.667022,0.09,1.62,9.6,84.9,4.99,100.046977191485,2.9,4.6,0.27
186,2006-07-01,1.25,3.96,4.12,31.0148989928,356.342,0.06,1.14,0.6,2.5,12.779304,0.11,1.74,9.9,84.7,5.24,99.989027193345,2.3,4.7,0.3
187,2006-08-01,1.25,3.96,4.12,31.0148989928,356.342,0.06,1.14,0.6,2.5,12.779304,0.11,1.74,9.9,82.0,5.25,99.9003051342091,2.5,4.7,0.3
188,2006-09-01,1.25,3.96,4.12,31.0148989928,356.342,0.06,1.14,0.6,2.5,12.779304,0.11,1.74,9.9,85.4,5.25,99.7157628492355,2.4,4.5,0.3
189,2006-10-01,1.15,3.54,3.95,30.7800126874,386.992,0.05,1.32,3.5,2.7,12.866873,0.12,1.92,9.8,93.6,5.25,99.5216639872493,2.4,4.4,0.34
190,2006-11-01,1.15,3.54,3.95,30.7800126874,386.992,0.05,1.32,3.5,2.7,12.866873,0.12,1.92,9.8,92.1,5.25,99.3841993505355,2.7,4.5,0.34
191,2006-12-01,1.15,3.54,3.95,30.7800126874,386.992,0.05,1.32,3.5,2.7,12.866873,0.12,1.92,9.8,91.7,5.24,99.3656222842342,2.6,4.4,0.34
192,2007-01-01,1.2,3.99,3.98,30.5732141517,360.421,0.09,1.43,1.2,2.8,12.896722,0.16,2.08,10.1,96.9,5.25,99.3502772360209,2.4,4.6,0.37
193,2007-02-01,1.2,3.99,3.98,30.5732141517,360.421,0.09,1.43,1.2,2.8,12.896722,0.16,2.08,10.1,91.3,5.26,99.4635946357365,2.8,4.5,0.37
194,2007-03-01,1.2,3.99,3.98,30.5732141517,360.421,0.09,1.43,1.2,2.8,12.896722,0.16,2.08,10.1,88.4,5.26,99.5980363939767,3.0,4.4,0.37
195,2007-04-01,1.18,3.75,4.02,30.3214734115,331.493,0.17,1.63,2.5,2.6,12.941819,0.17,2.29,9.5,87.1,5.25,99.7891780520004,3.0,4.5,0.42
196,2007-05-01,1.18,3.75,4.02,30.3214734115,331.493,0.17,1.63,2.5,2.6,12.941819,0.17,2.29,9.5,88.3,5.25,99.9033035508989,2.8,4.4,0.42
197,2007-06-01,1.18,3.75,4.02,30.3214734115,331.493,0.17,1.63,2.5,2.6,12.941819,0.17,2.29,9.5,85.3,5.25,99.9134176891227,2.7,4.6,0.42
198,2007-07-01,1.2,3.99,4.41,30.681910055,289.046,0.18,1.98,2.3,2.7,13.050642,0.26,2.71,9.8,90.4,5.26,99.7851206235829,2.6,4.7,0.46
199,2007-08-01,1.2,3.99,4.41,30.681910055,289.046,0.18,1.98,2.3,2.7,13.050642,0.26,2.71,9.8,83.4,5.02,99.5999663358704,2.2,4.6,0.46
200,2007-09-01,1.2,3.99,4.41,30.681910055,289.046,0.18,1.98,2.3,2.7,13.050642,0.26,2.71,9.8,83.4,4.94,99.439059922984,2.3,4.7,0.46
201,2007-10-01,1.31,4.24,4.6,31.5929886438,261.335,0.33,2.72,2.5,2.8,13.172721,0.46,3.1,9.6,80.9,4.76,99.32351211023,2.2,4.7,0.65
202,2007-11-01,1.31,4.24,4.6,31.5929886438,261.335,0.33,2.72,2.5,2.8,13.172721,0.46,3.1,9.6,76.1,4.49,99.2196276255924,1.9,4.7,0.65
203,2007-12-01,1.31,4.24,4.6,31.5929886438,261.335,0.33,2.72,2.5,2.8,13.172721,0.46,3.1,9.6,75.5,4.24,99.1322075784128,2.4,5.0,0.65
204,2008-01-01,1.45,4.67,4.77,34.7886040468,198.425,0.49,3.48,-1.7,2.9,13.110655,0.87,3.68,10.1,78.4,3.94,99.1194522077327,2.6,5.0,0.71
205,2008-02-01,1.45,4.67,4.77,34.7886040468,198.425,0.49,3.48,-1.7,2.9,13.110655,0.87,3.68,10.1,70.8,2.98,99.0244539842918,3.0,4.9,0.71
206,2008-03-01,1.45,4.67,4.77,34.7886040468,198.425,0.49,3.48,-1.7,2.9,13.110655,0.87,3.68,10.1,69.5,2.61,98.9995979649061,2.9,5.1,0.71
207,2008-04-01,1.76,5.29,4.9,35.7618663701,227.939,1.0,4.15,2.4,2.8,12.760976,1.16,4.36,10.0,62.6,2.28,99.0676695981373,2.4,5.0,0.84
208,2008-05-01,1.76,5.29,4.9,35.7618663701,227.939,1.0,4.15,2.4,2.8,12.760976,1.16,4.36,10.0,59.8,1.98,99.2134470458992,6.8,5.4,0.84
209,2008-06-01,1.76,5.29,4.9,35.7618663701,227.939,1.0,4.15,2.4,2.8,12.760976,1.16,4.36,10.0,56.4,2.0,99.3156295502273,4.6,5.6,0.84
210,2008-07-01,1.76,5.94,4.8,38.7165320203,195.91,1.13,4.71,-2.1,2.8,12.826082,1.82,5.28,9.9,61.2,2.01,99.2235143262551,3.6,5.8,1.03
211,2008-08-01,1.76,5.94,4.8,38.7165320203,195.91,1.13,4.71,-2.1,2.8,12.826082,1.82,5.28,9.9,63.0,2.0,98.7882866623285,3.1,6.1,1.03
212,2008-09-01,1.76,5.94,4.8,38.7165320203,195.91,1.13,4.71,-2.1,2.8,12.826082,1.82,5.28,9.9,70.3,1.81,97.9106442758306,3.9,6.1,1.03
213,2008-10-01,2.56,6.45,5.64,42.8339808389,151.888,2.13,5.48,-8.5,2.9,12.76267,1.64,6.58,10.1,57.6,0.97,96.9537795430348,4.9,6.5,1.27
214,2008-11-01,2.56,6.45,5.64,42.8339808389,151.888,2.13,5.48,-8.5,2.9,12.76267,1.64,6.58,10.1,55.3,0.39,96.1973141048771,6.0,6.8,1.27
215,2008-12-01,2.56,6.45,5.64,42.8339808389,151.888,2.13,5.48,-8.5,2.9,12.76267,1.64,6.58,10.1,60.1,0.16,95.7708736323556,5.8,7.3,1.27
216,2009-01-01,3.2,7.63,6.51,44.7830834479,153.93,1.37,6.6,-4.5,2.7,12.676246,1.83,8.01,10.1,61.2,0.15,95.8099265446953,5.9,7.8,1.94
217,2009-02-01,3.2,7.63,6.51,44.7830834479,153.93,1.37,6.6,-4.5,2.7,12.676246,1.83,8.01,10.1,56.3,0.22,96.0368979870634,5.4,8.3,1.94
218,2009-03-01,3.2,7.63,6.51,44.7830834479,153.93,1.37,6.6,-4.5,2.7,12.676246,1.83,8.01,10.1,57.3,0.18,96.4339708085929,5.8,8.7,1.94
219,2009-04-01,3.76,9.33,6.77,46.932429215,149.233,2.34,7.85,-0.7,2.5,12.365322,2.3,8.57,10.6,65.1,0.15,97.0383595540876,6.5,9.0,2.43
220,2009-05-01,3.76,9.33,6.77,46.932429215,149.233,2.34,7.85,-0.7,2.5,12.365322,2.3,8.57,10.6,68.7,0.18,97.70095568101,7.8,9.4,2.43
221,2009-06-01,3.76,9.33,6.77,46.932429215,149.233,2.34,7.85,-0.7,2.5,12.365322,2.3,8.57,10.6,70.8,0.21,98.3717561769393,6.1,9.5,2.43
222,2009-07-01,4.36,10.38,6.49,44.0298569761,212.428,2.55,8.52,1.4,2.6,12.240999,2.41,9.48,11.1,66.0,0.16,99.0601395867168,5.4,9.5,2.57
223,2009-08-01,4.36,10.38,6.49,44.0298569761,212.428,2.55,8.52,1.4,2.6,12.240999,2.41,9.48,11.1,65.7,0.16,99.6312196320667,4.4,9.6,2.57
224,2009-09-01,4.36,10.38,6.49,44.0298569761,212.428,2.55,8.52,1.4,2.6,12.240999,2.41,9.48,11.1,73.5,0.15,99.9627882966243,5.5,9.8,2.57
225,2009-10-01,4.3,10.49,6.33,42.9801253229,228.801,3.13,8.55,4.4,2.7,11.94179,2.78,10.4,10.7,70.6,0.12,100.197316841318,5.1,10.0,2.27
226,2009-11-01,4.3,10.49,6.33,42.9801253229,228.801,3.13,8.55,4.4,2.7,11.94179,2.78,10.4,10.7,67.4,0.12,100.321405403515,5.5,9.9,2.27
227,2009-12-01,4.3,10.49,6.33,42.9801253229,228.801,3.13,8.55,4.4,2.7,11.94179,2.78,10.4,10.7,72.5,0.12,100.554126606399,5.4,9.9,2.27
228,2010-01-01,3.95,10.51,5.78,41.8239729669,210.549,2.17,8.94,1.9,2.6,11.634188,2.47,11.48,10.6,74.4,0.11,100.889255485659,5.6,9.8,2.1
229,2010-02-01,3.95,10.51,5.78,41.8239729669,210.549,2.17,8.94,1.9,2.6,11.634188,2.47,11.48,10.6,73.6,0.13,101.129493495499,5.3,9.8,2.1
230,2010-03-01,3.95,10.51,5.78,41.8239729669,210.549,2.17,8.94,1.9,2.6,11.634188,2.47,11.48,10.6,73.6,0.16,101.329929821954,5.3,9.9,2.1
231,2010-04-01,3.62,10.42,5.1,41.303098883,215.201,2.43,8.77,3.9,2.5,11.297374,2.11,11.08,10.6,72.2,0.2,101.2686127301,6.0,9.9,1.85
232,2010-05-01,3.62,10.42,5.1,41.303098883,215.201,2.43,8.77,3.9,2.5,11.297374,2.11,11.08,10.6,73.6,0.2,100.980212562024,6.4,9.6,1.85
233,2010-06-01,3.62,10.42,5.1,41.303098883,215.201,2.43,8.77,3.9,2.5,11.297374,2.11,11.08,10.6,76.0,0.18,100.639375356097,6.2,9.4,1.85
234,2010-07-01,3.31,8.87,4.58,39.9935538473,205.539,2.39,8.43,3.1,2.5,11.096391,1.9,10.66,10.3,67.8,0.18,100.448705201715,6.1,9.4,1.71
235,2010-08-01,3.31,8.87,4.58,39.9935538473,205.539,2.39,8.43,3.1,2.5,11.096391,1.9,10.66,10.3,68.9,0.19,100.423465593382,6.2,9.5,1.71
236,2010-09-01,3.31,8.87,4.58,39.9935538473,205.539,2.39,8.43,3.1,2.5,11.096391,1.9,10.66,10.3,68.2,0.19,100.537758716948,6.1,9.5,1.71
237,2010-10-01,2.98,7.9,4.14,43.0482648218,235.24,2.37,8.03,2.1,2.7,10.949832,1.98,10.33,9.4,67.7,0.19,100.772010492008,5.9,9.4,1.29
238,2010-11-01,2.98,7.9,4.14,43.0482648218,235.24,2.37,8.03,2.1,2.7,10.949832,1.98,10.33,9.4,71.6,0.19,101.020922882417,5.8,9.8,1.29
239,2010-12-01,2.98,7.9,4.14,43.0482648218,235.24,2.37,8.03,2.1,2.7,10.949832,1.98,10.33,9.4,74.5,0.18,101.215149066409,6.2,9.3,1.29
240,2011-01-01,2.45,6.94,3.82,41.3162737141,208.903,1.59,7.5,-0.9,2.6,10.761016,1.73,10.36,9.7,74.2,0.17,101.361571689145,6.6,9.1,1.17
241,2011-02-01,2.45,6.94,3.82,41.3162737141,208.903,1.59,7.5,-0.9,2.6,10.761016,1.73,10.36,9.7,77.5,0.16,101.415812980947,6.9,9.0,1.17
242,2011-03-01,2.45,6.94,3.82,41.3162737141,208.903,1.59,7.5,-0.9,2.6,10.761016,1.73,10.36,9.7,67.5,0.14,101.313775607149,6.3,9.0,1.17
243,2011-04-01,2.11,5.3,3.65,42.0064034796,198.719,1.5,7.1,2.7,2.5,10.680833,1.66,10.55,9.2,69.8,0.1,101.050873980742,6.3,9.1,0.87
244,2011-05-01,2.11,5.3,3.65,42.0064034796,198.719,1.5,7.1,2.7,2.5,10.680833,1.66,10.55,9.2,74.3,0.09,100.62835359765,6.3,9.0,0.87
245,2011-06-01,2.11,5.3,3.65,42.0064034796,198.719,1.5,7.1,2.7,2.5,10.680833,1.66,10.55,9.2,71.5,0.09,100.360683531288,6.5,9.1,0.87
246,2011-07-01,1.83,5.91,3.45,46.1691671171,182.011,1.29,6.72,-0.1,2.4,10.570842,1.51,10.51,9.8,63.7,0.07,100.074577941593,6.7,9.0,0.74
247,2011-08-01,1.83,5.91,3.45,46.1691671171,182.011,1.29,6.72,-0.1,2.4,10.570842,1.51,10.51,9.8,55.8,0.1,99.8883111250817,6.7,9.0,0.74
248,2011-09-01,1.83,5.91,3.45,46.1691671171,182.011,1.29,6.72,-0.1,2.4,10.570842,1.51,10.51,9.8,59.5,0.08,99.7637237801133,6.4,9.0,0.74
249,2011-10-01,1.64,4.53,3.25,45.2502444017,195.351,1.22,6.13,4.6,2.3,10.446358,1.39,10.26,9.4,60.8,0.07,99.6702443893241,6.3,8.8,0.68
250,2011-11-01,1.64,4.53,3.25,45.2502444017,195.351,1.22,6.13,4.6,2.3,10.446358,1.39,10.26,9.4,63.7,0.08,99.6872311305227,6.4,8.6,0.68
251,2011-12-01,1.64,4.53,3.25,45.2502444017,195.351,1.22,6.13,4.6,2.3,10.446358,1.39,10.26,9.4,69.9,0.07,99.8082606245198,7.2,8.5,0.68
252,2012-01-01,1.53,4.22,3.06,44.0139161691,177.363,0.83,5.44,3.4,2.2,10.207318,1.4,10.33,8.8,75.0,0.08,99.9463866280031,7.4,8.3,0.57
253,2012-02-01,1.53,4.22,3.06,44.0139161691,177.363,0.83,5.44,3.4,2.2,10.207318,1.4,10.33,8.8,75.3,0.1,100.057810314352,7.3,8.3,0.57
254,2012-03-01,1.53,4.22,3.06,44.0139161691,177.363,0.83,5.44,3.4,2.2,10.207318,1.4,10.33,8.8,76.2,0.13,100.114981440525,7.6,8.2,0.57
255,2012-04-01,1.4,3.95,2.92,45.0753683443,164.188,0.79,5.0,1.8,2.1,10.076971,1.22,10.45,8.6,76.4,0.14,100.084156397003,7.9,8.2,0.55
256,2012-05-01,1.4,3.95,2.92,45.0753683443,164.188,0.79,5.0,1.8,2.1,10.076971,1.22,10.45,8.6,79.3,0.16,99.8904725156941,7.9,8.2,0.55
257,2012-06-01,1.4,3.95,2.92,45.0753683443,164.188,0.79,5.0,1.8,2.1,10.076971,1.22,10.45,8.6,73.2,0.16,99.6044911519696,7.9,8.2,0.55
258,2012-07-01,1.25,3.88,2.82,44.5160879032,169.606,0.67,4.6,0.6,1.9,10.128193,1.74,10.47,8.6,72.3,0.16,99.4356726593096,7.0,8.2,0.48
259,2012-08-01,1.25,3.88,2.82,44.5160879032,169.606,0.67,4.6,0.6,1.9,10.128193,1.74,10.47,8.6,74.3,0.13,99.4177310330336,6.7,8.1,0.48
260,2012-09-01,1.25,3.88,2.82,44.5160879032,169.606,0.67,4.6,0.6,1.9,10.128193,1.74,10.47,8.6,78.3,0.14,99.4217343644437,7.2,7.8,0.48
261,2012-10-01,1.18,3.84,2.71,45.3101152751,209.082,0.56,4.09,0.5,1.9,9.805904,1.06,10.02,8.7,82.6,0.16,99.3297645056179,7.8,7.8,0.35
262,2012-11-01,1.18,3.84,2.71,45.3101152751,209.082,0.56,4.09,0.5,1.9,9.805904,1.06,10.02,8.7,82.7,0.16,99.2756135128116,8.7,7.7,0.35
263,2012-12-01,1.18,3.84,2.71,45.3101152751,209.082,0.56,4.09,0.5,1.9,9.805904,1.06,10.02,8.7,72.9,0.16,99.4475628623235,10.9,7.9,0.35
264,2013-01-01,1.11,3.7,2.64,44.570030278,207.248,0.43,3.73,4.0,2.1,10.168555,0.91,9.74,8.6,73.8,0.14,99.7643620640475,4.9,8.0,0.36
265,2013-02-01,1.11,3.7,2.64,44.570030278,207.248,0.43,3.73,4.0,2.1,10.168555,0.91,9.74,8.6,77.6,0.15,99.9257336526983,4.7,7.7,0.36
266,2013-03-01,1.11,3.7,2.64,44.570030278,207.248,0.43,3.73,4.0,2.1,10.168555,0.91,9.74,8.6,78.6,0.14,99.7851824423768,4.8,7.5,0.36
267,2013-04-01,1.04,3.47,2.53,44.6950075532,191.683,0.32,3.28,1.1,1.9,10.084725,0.74,9.32,8.2,76.4,0.15,99.5667963171738,5.1,7.6,0.31
268,2013-05-01,1.04,3.47,2.53,44.6950075532,191.683,0.32,3.28,1.1,1.9,10.084725,0.74,9.32,8.2,84.5,0.11,99.5386433259419,5.3,7.5,0.31
269,2013-06-01,1.04,3.47,2.53,44.6950075532,191.683,0.32,3.28,1.1,1.9,10.084725,0.74,9.32,8.2,84.1,0.09,99.764003691947,5.4,7.5,0.31
270,2013-07-01,0.98,3.41,2.44,42.9393939711,209.659,0.21,2.76,3.5,1.9,10.045859,0.48,8.66,8.3,85.1,0.09,100.085031935953,5.2,7.3,0.27
271,2013-08-01,0.98,3.41,2.44,42.9393939711,209.659,0.21,2.76,3.5,1.9,10.045859,0.48,8.66,8.3,82.1,0.08,100.364550625769,5.2,7.2,0.27
272,2013-09-01,0.98,3.41,2.44,42.9393939711,209.659,0.21,2.76,3.5,1.9,10.045859,0.48,8.66,8.3,77.5,0.08,100.498703643346,5.3,7.2,0.27
273,2013-10-01,0.89,3.37,2.38,41.9098253146,248.237,0.11,2.51,3.5,2.1,10.049178,0.48,8.3,8.2,73.2,0.09,100.537855308294,4.7,7.2,0.25
274,2013-11-01,0.89,3.37,2.38,41.9098253146,248.237,0.11,2.51,3.5,2.1,10.049178,0.48,8.3,8.2,75.1,0.08,100.507946492157,4.5,6.9,0.25
275,2013-12-01,0.89,3.37,2.38,41.9098253146,248.237,0.11,2.51,3.5,2.1,10.049178,0.48,8.3,8.2,82.5,0.09,100.371342953464,4.5,6.7,0.25
276,2014-01-01,0.9,3.23,2.32,42.7160315996,191.652,0.12,2.19,-1.4,2.0,9.97121,0.36,7.77,8.3,81.2,0.07,100.190216758309,5.2,6.6,0.23
277,2014-02-01,0.9,3.23,2.32,42.7160315996,191.652,0.12,2.19,-1.4,2.0,9.97121,0.36,7.77,8.3,81.6,0.07,100.240904384972,5.3,6.7,0.23
278,2014-03-01,0.9,3.23,2.32,42.7160315996,191.652,0.12,2.19,-1.4,2.0,9.97121,0.36,7.77,8.3,80.0,0.08,100.349706424266,5.2,6.7,0.23
279,2014-04-01,0.8,3.31,2.26,41.3670294296,167.071,0.1,1.95,5.3,1.9,9.90441,0.27,7.43,7.5,84.1,0.09,100.442826672866,5.4,6.2,0.21
280,2014-05-01,0.8,3.31,2.26,41.3670294296,167.071,0.1,1.95,5.3,1.9,9.90441,0.27,7.43,7.5,81.9,0.09,100.504306396241,5.6,6.3,0.21
281,2014-06-01,0.8,3.31,2.26,41.3670294296,167.071,0.1,1.95,5.3,1.9,9.90441,0.27,7.43,7.5,82.5,0.1,100.549640382274,5.6,6.1,0.21
282,2014-07-01,0.77,3.1,2.2,42.0822468004,150.745,0.05,1.78,5.0,1.8,9.862915,0.27,7.06,7.4,81.8,0.09,100.653278954181,5.5,6.2,0.2
283,2014-08-01,0.77,3.1,2.2,42.0822468004,150.745,0.05,1.78,5.0,1.8,9.862915,0.27,7.06,7.4,82.5,0.09,100.792066814107,5.3,6.1,0.2
284,2014-09-01,0.77,3.1,2.2,42.0822468004,150.745,0.05,1.78,5.0,1.8,9.862915,0.27,7.06,7.4,84.6,0.09,100.808340773446,5.5,5.9,0.2
285,2014-10-01,0.72,3.01,2.15,42.7659984546,160.676,0.03,1.58,2.0,1.9,9.826612,0.26,6.5,7.0,86.9,0.09,100.827277744757,5.4,5.7,0.22
286,2014-11-01,0.72,3.01,2.15,42.7659984546,160.676,0.03,1.58,2.0,1.9,9.826612,0.26,6.5,7.0,88.8,0.09,100.728975798726,5.6,5.8,0.22
287,2014-12-01,0.72,3.01,2.15,42.7659984546,160.676,0.03,1.58,2.0,1.9,9.826612,0.26,6.5,7.0,93.6,0.12,100.463198703965,6.0,5.6,0.22
288,2015-01-01,0.75,2.92,2.11,42.4836886766,140.012,0.06,1.42,3.6,1.9,9.847224,0.27,6.24,7.1,98.1,0.11,100.192168741191,6.3,5.7,0.17
289,2015-02-01,0.75,2.92,2.11,42.4836886766,140.012,0.06,1.42,3.6,1.9,9.847224,0.27,6.24,7.1,95.4,0.11,99.9779625120654,6.4,5.5,0.17
290,2015-03-01,0.75,2.92,2.11,42.4836886766,140.012,0.06,1.42,3.6,1.9,9.847224,0.27,6.24,7.1,93.0,0.11,99.8310865612292,5.9,5.4,0.17
291,2015-04-01,0.81,2.92,2.12,43.037397967,148.328,0.05,1.28,2.5,1.8,9.882135,0.21,5.82,6.8,95.9,0.12,99.7912110009877,5.9,5.4,0.21
292,2015-05-01,0.81,2.92,2.12,43.037397967,148.328,0.05,1.28,2.5,1.8,9.882135,0.21,5.82,6.8,90.7,0.12,99.8515911214072,5.8,5.6,0.21
293,2015-06-01,0.81,2.92,2.12,43.037397967,148.328,0.05,1.28,2.5,1.8,9.882135,0.21,5.82,6.8,96.1,0.13,99.8432249120396,5.7,5.3,0.21
294,2015-07-01,0.9,2.98,2.15,45.0074853347,154.289,0.03,1.15,1.6,1.9,9.941434,0.15,5.39,7.3,93.1,0.13,99.7081544526112,5.6,5.2,0.25
295,2015-08-01,0.9,2.98,2.15,45.0074853347,154.289,0.03,1.15,1.6,1.9,9.941434,0.15,5.39,7.3,91.9,0.14,99.5078321223891,5.6,5.1,0.25
296,2015-09-01,0.9,2.98,2.15,45.0074853347,154.289,0.03,1.15,1.6,1.9,9.941434,0.15,5.39,7.3,87.2,0.14,99.291245850725,5.8,5.0,0.25
297,2015-10-01,1.02,2.94,2.16,45.6018167726,171.575,0.02,1.04,0.7,1.9,9.882253,0.21,5.11,7.0,90.0,0.12,99.0950325406115,5.8,5.0,0.31
298,2015-11-01,1.02,2.94,2.16,45.6018167726,171.575,0.02,1.04,0.7,1.9,9.882253,0.21,5.11,7.0,91.3,0.12,98.937609999609,5.6,5.1,0.31
299,2015-12-01,1.02,2.94,2.16,45.6018167726,171.575,0.02,1.04,0.7,1.9,9.882253,0.21,5.11,7.0,92.6,0.24,98.8819176455155,5.8,5.0,0.31
300,2016-01-01,1.5,3.01,2.14,47.1321764958,178.547,0.02,0.96,2.3,1.7,9.853119,0.12,4.78,7.0,92.0,0.34,98.9703847066311,6.1,4.8,0.44
301,2016-02-01,1.5,3.01,2.14,47.1321764958,178.547,0.02,0.96,2.3,1.7,9.853119,0.12,4.78,7.0,91.7,0.38,99.1916408395562,5.6,4.9,0.44
302,2016-03-01,1.5,3.01,2.14,47.1321764958,178.547,0.02,0.96,2.3,1.7,9.853119,0.12,4.78,7.0,91.0,0.36,99.4365399362235,5.9,5.0,0.44
303,2016-04-01,1.6,3.02,2.21,46.0767741246,155.667,0.01,0.92,1.3,1.7,9.949156,0.11,4.59,6.7,89.0,0.37,99.5660946339327,5.5,5.1,0.44
304,2016-05-01,1.6,3.02,2.21,46.0767741246,155.667,0.01,0.92,1.3,1.7,9.949156,0.11,4.59,6.7,94.7,0.37,99.6782222023814,5.3,4.8,0.44
305,2016-06-01,1.6,3.02,2.21,46.0767741246,155.667,0.01,0.92,1.3,1.7,9.949156,0.11,4.59,6.7,93.5,0.38,99.755735505217,4.9,4.9,0.44
306,2016-07-01,1.59,3.1,2.3,44.6429984311,168.311,-0.01,0.87,2.9,1.8,10.011636,0.1,4.38,6.8,90.0,0.39,99.6654426019583,5.1,4.8,0.45
307,2016-08-01,1.59,3.1,2.3,44.6429984311,168.311,-0.01,0.87,2.9,1.8,10.011636,0.1,4.38,6.8,89.8,0.4,99.5032966925614,5.1,4.9,0.45
308,2016-09-01,1.59,3.1,2.3,44.6429984311,168.311,-0.01,0.87,2.9,1.8,10.011636,0.1,4.38,6.8,91.2,0.4,99.5512164162363,5.1,5.0,0.45
309,2016-10-01,1.58,3.43,2.37,44.2367471253,189.039,0.0,0.86,2.2,1.8,9.987033,0.07,4.14,6.9,87.2,0.4,99.727377870481,5.3,4.9,0.41
310,2016-11-01,1.58,3.43,2.37,44.2367471253,189.039,0.0,0.86,2.2,1.8,9.987033,0.07,4.14,6.9,93.8,0.41,100.005449002957,5.4,4.7,0.41
311,2016-12-01,1.58,3.43,2.37,44.2367471253,189.039,0.0,0.86,2.2,1.8,9.987033,0.07,4.14,6.9,98.2,0.54,100.32740989354,5.0,4.7,0.41
312,2017-01-01,1.54,3.5,2.39,44.0524063722,181.737,0.02,0.78,2.0,1.7,9.941708,0.05,3.9,7.0,98.5,0.65,100.614672264803,5.3,4.7,0.34
313,2017-02-01,1.54,3.5,2.39,44.0524063722,181.737,0.02,0.78,2.0,1.7,9.941708,0.05,3.9,7.0,96.3,0.66,100.779800102543,5.6,4.6,0.34
314,2017-03-01,1.54,3.5,2.39,44.0524063722,181.737,0.02,0.78,2.0,1.7,9.941708,0.05,3.9,7.0,96.9,0.79,100.728437927476,5.6,4.4,0.34
315,2017-04-01,1.36,3.51,2.48,41.8980755001,172.12,0.01,0.77,2.3,1.5,9.909587,0.05,3.68,7.3,97.0,0.9,100.572355336751,5.7,4.4,0.37
316,2017-05-01,1.36,3.51,2.48,41.8980755001,172.12,0.01,0.77,2.3,1.5,9.909587,0.05,3.68,7.3,97.1,0.91,100.56958200865,6.3,4.4,0.37
317,2017-06-01,1.36,3.51,2.48,41.8980755001,172.12,0.01,0.77,2.3,1.5,9.909587,0.05,3.68,7.3,95.0,1.04,100.746599875541,6.0,4.3,0.37
318,2017-07-01,1.27,3.57,2.55,41.2369522775,176.229,0.02,0.77,3.2,1.6,9.914696,0.04,3.64,7.5,93.4,1.15,100.923361886051,6.0,4.3,0.34
319,2017-08-01,1.27,3.57,2.55,41.2369522775,176.229,0.02,0.77,3.2,1.6,9.914696,0.04,3.64,7.5,96.8,1.16,101.181391726318,6.1,4.4,0.34
320,2017-09-01,1.27,3.57,2.55,41.2369522775,176.229,0.02,0.77,3.2,1.6,9.914696,0.04,3.64,7.5,95.1,1.15,101.353340298371,5.9,4.3,0.34
321,2017-10-01,1.17,3.63,2.49,40.5833617912,181.313,0.01,0.75,4.6,1.6,9.931012,0.02,3.57,6.9,100.7,1.15,101.321091731712,6.0,4.2,0.36
322,2017-11-01,1.17,3.63,2.49,40.5833617912,181.313,0.01,0.75,4.6,1.6,9.931012,0.02,3.57,6.9,98.5,1.16,101.288723492737,5.6,4.2,0.36
323,2017-12-01,1.17,3.63,2.49,40.5833617912,181.313,0.01,0.75,4.6,1.6,9.931012,0.02,3.57,6.9,95.9,1.3,101.347600835844,5.0,4.1,0.36
324,2018-01-01,1.11,3.7,2.48,41.1573166095,180.031,0.02,0.74,3.3,1.5,9.876656,0.01,3.48,7.0,95.7,1.41,101.397517872042,5.7,4.0,0.3
325,2018-02-01,1.11,3.7,2.48,41.1573166095,180.031,0.02,0.74,3.3,1.5,9.876656,0.01,3.48,7.0,99.7,1.42,101.42150173695,5.8,4.1,0.3
326,2018-03-01,1.11,3.7,2.48,41.1573166095,180.031,0.02,0.74,3.3,1.5,9.876656,0.01,3.48,7.0,101.4,1.51,101.302422950155,5.9,4.0,0.3
327,2018-04-01,1.08,3.58,2.49,42.5070655043,179.454,0.01,0.72,2.1,1.5,9.829292,0.0,3.22,6.8,98.8,1.69,101.177183929563,6.0,4.0,0.27
328,2018-05-01,1.08,3.58,2.49,42.5070655043,179.454,0.01,0.72,2.1,1.5,9.829292,0.0,3.22,6.8,98.0,1.7,101.22211626708,6.0,3.8,0.27
329,2018-06-01,1.08,3.58,2.49,42.5070655043,179.454,0.01,0.72,2.1,1.5,9.829292,0.0,3.22,6.8,98.2,1.82,101.333311067733,6.3,4.0,0.27
330,2018-07-01,0.99,3.67,2.53,42.5051473485,188.264,0.02,0.7,2.5,1.6,9.806163,-0.02,2.99,7.1,97.9,1.91,101.393122689185,6.5,3.8,0.26
331,2018-08-01,0.99,3.67,2.53,42.5051473485,188.264,0.02,0.7,2.5,1.6,9.806163,-0.02,2.99,7.1,96.2,1.91,101.492655452188,6.6,3.8,0.26
332,2018-09-01,0.99,3.67,2.53,42.5051473485,188.264,0.02,0.7,2.5,1.6,9.806163,-0.02,2.99,7.1,100.1,1.95,101.404797903582,6.8,3.7,0.26
333,2018-10-01,0.93,3.68,2.55,45.3803029535,187.155,0.01,0.7,0.6,1.5,9.789335,0.0,2.83,6.6,98.6,2.19,101.196543943655,6.7,3.8,0.26
334,2018-11-01,0.93,3.68,2.55,45.3803029535,187.155,0.01,0.7,0.6,1.5,9.789335,0.0,2.83,6.6,97.5,2.2,100.983168863642,6.5,3.8,0.26
335,2018-12-01,0.93,3.68,2.55,45.3803029535,187.155,0.01,0.7,0.6,1.5,9.789335,0.0,2.83,6.6,98.3,2.27,100.669329190098,8.4,3.9,0.27
336,2019-01-01,1.16,3.65,2.51,43.692923342,204.339,0.05,0.69,2.2,1.4,9.775071,0.0,2.69,7.0,91.2,2.4,100.518364710097,8.2,4.0,0.27
337,2019-02-01,1.16,3.65,2.51,43.692923342,204.339,0.05,0.69,2.2,1.4,9.775071,0.0,2.69,7.0,93.8,2.4,100.353866441081,8.5,3.8,0.27
338,2019-03-01,1.16,3.65,2.51,43.692923342,204.339,0.05,0.69,2.2,1.4,9.775071,0.0,2.69,7.0,98.4,2.41,100.22228609456,7.9,3.8,0.3
339,2019-04-01,1.08,3.63,2.59,42.049669487,211.944,0.02,0.67,3.4,1.3,9.806777,-0.02,2.6,6.8,97.2,2.42,100.001298493283,7.7,3.6,0.3
340,2019-05-01,1.08,3.63,2.59,42.049669487,211.944,0.02,0.67,3.4,1.3,9.806777,-0.02,2.6,6.8,100.0,2.39,99.7983271266442,7.3,3.7,0.3
341,2019-06-01,1.08,3.63,2.59,42.049669487,211.944,0.02,0.67,3.4,1.3,9.806777,-0.02,2.6,6.8,98.2,2.38,99.6153959001144,7.1,3.6,0.31
342,2019-07-01,1.12,3.8,2.62,42.4548624553,192.091,0.02,0.69,4.6,1.4,9.815468,-0.04,2.44,6.8,98.4,2.4,99.3963824633632,6.8,3.7,0.31
343,2019-08-01,1.12,3.8,2.62,42.4548624553,192.091,0.02,0.69,4.6,1.4,9.815468,-0.04,2.44,6.8,89.8,2.13,99.120967700493,7.0,3.7,0.31
344,2019-09-01,1.12,3.8,2.62,42.4548624553,192.091,0.02,0.69,4.6,1.4,9.815468,-0.04,2.44,6.8,93.2,2.04,98.9124219964212,7.2,3.5,0.44
345,2019-10-01,1.09,3.81,2.62,41.3812336864,201.454,0.02,0.68,2.6,1.4,9.813489,0.01,2.34,6.4,95.5,1.83,98.8458658842003,7.3,3.6,0.44
346,2019-11-01,1.09,3.81,2.62,41.3812336864,201.454,0.02,0.68,2.6,1.4,9.813489,0.01,2.34,6.4,96.8,1.55,98.8676251061296,7.1,3.6,0.44
347,2019-12-01,1.09,3.81,2.62,41.3812336864,201.454,0.02,0.68,2.6,1.4,9.813489,0.01,2.34,6.4,99.3,1.55,98.9730138963452,6.4,3.6,0.36
348,2020-01-01,1.15,3.67,2.66,47.8427512776,293.826,0.04,0.81,-5.3,1.1,9.741993,-0.03,2.35,6.6,99.8,1.55,99.1400848907432,7.2,3.5,0.36
349,2020-02-01,1.15,3.67,2.66,47.8427512776,293.826,0.04,0.81,-5.3,1.1,9.741993,-0.03,2.35,6.6,101.0,1.58,99.0240314300994,7.7,3.5,0.36
350,2020-03-01,1.15,3.67,2.66,47.8427512776,293.826,0.04,0.81,-5.3,1.1,9.741993,-0.03,2.35,6.6,89.1,0.65,98.6131976264035,12.5,4.4,0.56
351,2020-04-01,1.29,3.77,2.45,47.7470822122,318.606,0.08,0.92,-28.0,0.9,8.77673,0.0,2.54,5.7,71.8,0.05,98.1671683509117,32.0,14.7,0.56
352,2020-05-01,1.29,3.77,2.45,47.7470822122,318.606,0.08,0.92,-28.0,0.9,8.77673,0.0,2.54,5.7,72.3,0.05,98.4051486971047,22.7,13.2,0.56
353,2020-06-01,1.29,3.77,2.45,47.7470822122,318.606,0.08,0.92,-28.0,0.9,8.77673,0.0,2.54,5.7,78.1,0.08,99.2613402665682,18.4,11.0,0.59
354,2020-07-01,1.29,3.65,2.0,44.7527879327,313.457,0.12,1.01,34.8,0.9,9.085095,0.0,2.84,6.4,72.5,0.09,100.002887767981,17.9,10.2,0.59
355,2020-08-01,1.29,3.65,2.0,44.7527879327,313.457,0.12,1.01,34.8,0.9,9.085095,0.0,2.84,6.4,74.1,0.1,100.487003684666,14.0,8.4,0.59
356,2020-09-01,1.29,3.65,2.0,44.7527879327,313.457,0.12,1.01,34.8,0.9,9.085095,0.0,2.84,6.4,80.4,0.09,100.775347718358,13.2,7.9,0.52
357,2020-10-01,1.24,2.71,2.11,41.3964832337,278.135,0.13,1.13,4.2,1.0,9.303678,-0.03,2.74,6.5,81.8,0.09,101.050328685848,12.8,6.9,0.52
358,2020-11-01,1.24,2.71,2.11,41.3964832337,278.135,0.13,1.13,4.2,1.0,9.303678,-0.03,2.74,6.5,76.9,0.09,101.193287880849,12.1,6.7,0.52
359,2020-12-01,1.24,2.71,2.11,41.3964832337,278.135,0.13,1.13,4.2,1.0,9.303678,-0.03,2.74,6.5,80.7,0.09,101.377090035384,12.0,6.7,0.41
360,2021-01-01,1.17,2.79,1.86,40.5830300958,279.332,0.07,1.01,5.2,0.9,8.308679,-0.04,2.68,6.8,79.0,0.09,101.522746311455,19.3,6.3,0.41
361,2021-02-01,1.17,2.79,1.86,40.5830300958,279.332,0.07,1.01,5.2,0.9,8.308679,-0.04,2.68,6.8,76.8,0.08,101.782975168727,12.8,6.2,0.41
362,2021-03-01,1.17,2.79,1.86,40.5830300958,279.332,0.07,1.01,5.2,0.9,8.308679,-0.04,2.68,6.8,84.9,0.07,101.996128275123,26.1,6.1,0.28
363,2021-04-01,1.07,2.36,1.59,39.2417177698,290.115,0.05,0.93,6.2,0.9,9.161097,-0.04,2.47,6.2,88.3,0.07,101.893115765108,12.3,6.1,0.28
364,2021-05-01,1.07,2.36,1.59,39.2417177698,290.115,0.05,0.93,6.2,0.9,9.161097,-0.04,2.47,6.2,82.9,0.06,101.751825062166,9.9,5.8,0.28
365,2021-06-01,1.07,2.36,1.59,39.2417177698,290.115,0.05,0.93,6.2,0.9,9.161097,-0.04,2.47,6.2,85.5,0.08,101.610316025867,8.7,5.9,0.21
366,2021-07-01,1.01,1.83,1.55,37.7502621257,321.779,0.03,0.87,3.3,0.9,9.380439,-0.05,2.3,5.8,81.2,0.1,101.519338825177,9.4,5.4,0.21
367,2021-08-01,1.01,1.83,1.55,37.7502621257,321.779,0.03,0.87,3.3,0.9,9.380439,-0.05,2.3,5.8,70.3,0.09,101.550370370309,8.7,5.2,0.21
368,2021-09-01,1.01,1.83,1.55,37.7502621257,321.779,0.03,0.87,3.3,0.9,9.380439,-0.05,2.3,5.8,72.8,0.08,101.641891738611,7.2,4.8,0.16
369,2021-10-01,1.12,1.66,1.57,36.4956679549,283.717,0.02,0.79,7.0,0.9,9.506579,-0.02,2.28,5.6,71.7,0.08,101.657338365718,6.6,4.5,0.16
370,2021-11-01,1.12,1.66,1.57,36.4956679549,283.717,0.02,0.79,7.0,0.9,9.506579,-0.02,2.28,5.6,67.4,0.08,101.560523886147,6.2,4.2,0.16
371,2021-12-01,1.12,1.66,1.57,36.4956679549,283.717,0.02,0.79,7.0,0.9,9.506579,-0.02,2.28,5.6,70.6,0.08,101.33345720396,6.1,3.9,0.12
372,2022-01-01,1.07,1.71,1.66,38.5855314556,284.631,0.03,0.74,-2.0,0.8,9.769139,-0.02,2.09,5.8,67.2,0.08,101.139893274557,4.1,4.0,0.12
373,2022-02-01,1.07,1.71,1.66,38.5855314556,284.631,0.03,0.74,-2.0,0.8,9.769139,-0.02,2.09,5.8,62.8,0.08,101.018509369098,4.1,3.8,0.12
374,2022-03-01,1.07,1.71,1.66,38.5855314556,284.631,0.03,0.74,-2.0,0.8,9.769139,-0.02,2.09,5.8,59.4,0.2,100.831769229088,3.4,3.6,0.12
375,2022-04-01,1.04,1.83,1.84,41.1074215752,264.43,0.0,0.72,-0.6,0.8,9.849885,-0.02,1.96,5.6,65.2,0.33,100.609761312574,3.1,3.6,0.12
376,2022-05-01,1.04,1.83,1.84,41.1074215752,264.43,0.0,0.72,-0.6,0.8,9.849885,-0.02,1.96,5.6,58.4,0.77,100.403257423051,3.1,3.6,0.12
377,2022-06-01,1.04,1.83,1.84,41.1074215752,264.43,0.0,0.72,-0.6,0.8,9.849885,-0.02,1.96,5.6,50.0,1.21,100.127548246717,2.7,3.6,0.14
378,2022-07-01,1.09,2.13,2.08,41.9600514658,285.669,0.01,0.65,2.7,0.9,9.910678,-0.02,1.85,6.0,51.5,1.68,99.9246652805152,3.5,3.5,0.14
379,2022-08-01,1.09,2.13,2.08,41.9600514658,285.669,0.01,0.65,2.7,0.9,9.910678,-0.02,1.85,6.0,58.2,2.33,99.7494815521804,3.2,3.7,0.14
380,2022-09-01,1.09,2.13,2.08,41.9600514658,285.669,0.01,0.65,2.7,0.9,9.910678,-0.02,1.85,6.0,58.6,2.56,99.5281037182907,3.0,3.5,0.16
381,2022-10-01,1.02,2.52,2.25,40.9344472309,284.952,0.03,0.69,2.6,0.8,9.974291,-0.02,1.78,5.8,59.9,3.08,99.3330557926038,3.0,3.7,0.16
382,2022-11-01,1.02,2.52,2.25,40.9344472309,284.952,0.03,0.69,2.6,0.8,9.974291,-0.02,1.78,5.8,56.8,3.78,99.1819937325434,3.3,3.6,0.16
383,2022-12-01,1.02,2.52,2.25,40.9344472309,284.952,0.03,0.69,2.6,0.8,9.974291,-0.02,1.78,5.8,59.7,4.1,99.0770353263694,3.4,3.5,0.22
384,2023-01-01,0.98,2.89,2.43,40.4971282407,263.194,0.09,0.77,2.2,0.8,9.848832,-0.01,1.74,6.4,64.9,4.33,99.0001042147214,4.4,3.4,0.22
385,2023-02-01,0.98,2.89,2.43,40.4971282407,263.194,0.09,0.77,2.2,0.8,9.848832,-0.01,1.74,6.4,67.0,4.57,98.9511519945713,4.7,3.6,0.22
386,2023-03-01,0.98,2.89,2.43,40.4971282407,263.194,0.09,0.77,2.2,0.8,9.848832,-0.01,1.74,6.4,62.0,4.65,98.9138621605023,5.2,3.5,0.28
387,2023-04-01,1.01,3.15,2.77,39.6595586181,367.036,0.16,0.84,2.1,0.7,9.826692,0.01,1.72,6.3,63.5,4.83,98.9046023248585,5.2,3.4,0.28
388,2023-05-01,1.01,3.15,2.77,39.6595586181,367.036,0.16,0.84,2.1,0.7,9.826692,0.01,1.72,6.3,59.2,5.06,98.8873641644083,5.3,3.7,0.28
389,2023-06-01,1.01,3.15,2.77,39.6595586181,367.036,0.16,0.84,2.1,0.7,9.826692,0.01,1.72,6.3,64.4,5.08,98.8720049922837,4.9,3.6,0.31
